{"10": [0.00028776502585969865, 0.00036572592216543853, 0.0003480521554592997, 0.9966048002243042, 0.0002678676100913435, 0.0007803812040947378, 0.0003190269344486296, 0.00038611138006672263, 0.00033263841760344803, 0.0003075777494814247], "11": [0.0003738634695764631, 0.0003895475820172578, 0.0005224318592809141, 0.0008570152567699552, 0.0003901946765836328, 0.9955043196678162, 0.0007740453584119678, 0.00033974641701206565, 0.0005207490175962448, 0.0003281276731286198], "12": [0.00028013906558044255, 0.00026302679907530546, 0.0003989138640463352, 0.9968787431716919, 0.00026954305940307677, 0.0006347103626467288, 0.0003070010570809245, 0.000361668411642313, 0.0003348422178532928, 0.0002715257869567722], "13": [0.0005913151544518769, 0.0003857659758068621, 0.0005924107972532511, 0.000230416189879179, 0.00034147518454119563, 0.00028477847808972, 0.9966832995414734, 0.00028535377350635827, 0.000363152998033911, 0.00024194849538616836], "14": [0.0002984604216180742, 0.9964439272880554, 0.0003138134488835931, 0.0003178976767230779, 0.00043892665416933596, 0.0004281598958186805, 0.0003522607439663261, 0.0006554726860485971, 0.00044249198981560767, 0.0003085904463659972], "15": [0.0003289392916485667, 0.0008275441941805184, 0.0006514967535622418, 0.0003810411144513637, 0.0003866727347485721, 0.00035414405283518136, 0.0002701340999919921, 0.9958133101463318, 0.00031202982063405216, 0.000674720446113497], "16": [0.0004567874420899898, 0.00031940004555508494, 0.9956676959991455, 0.00043506373185664415, 0.0002734298468567431, 0.00042955795652233064, 0.0009991495171561837, 0.0006970416870899498, 0.0004439745389390737, 0.00027783270343206823], "17": [0.0003392315120436251, 0.00030756284832023084, 0.00026329883257858455, 0.0003380001871846616, 0.00022439054737333208, 0.0003104069910477847, 0.00024810447939671576, 0.0002543677401263267, 0.9974254965782166, 0.0002891192852985114], "18": [0.0005149508360773325, 0.0003933942934963852, 0.0007033410365693271, 0.0002203893382102251, 0.0002894041535910219, 0.00034980455529876053, 0.9966968297958374, 0.0003066317003685981, 0.00027474365197122097, 0.0002504775475244969], "19": [0.00042348093120381236, 0.00032488766009919345, 0.000282136257737875, 0.0005848212749697268, 0.0005985500174574554, 0.00029998552054166794, 0.00023716961732134223, 0.00036187403020448983, 0.0011039304081350565, 0.9957832098007202]}