{"0": [0.0004416532756295055, 0.0009012179798446596, 0.01125037670135498, 0.011819886043667793, 0.0006295068305917084, 0.9716354608535767, 0.000576938153244555, 0.0013658222742378712, 0.000856195401865989, 0.0005228905938565731], "1": [0.997103750705719, 0.0002917788515333086, 0.00031327165197581053, 0.00024312704044859856, 0.00029569334583356977, 0.00028530103736557066, 0.00046385196037590504, 0.0003315175708848983, 0.0002868854207918048, 0.0003847705665975809], "2": [0.00031870196107774973, 0.000423039571614936, 0.00023145013255998492, 0.00023222640447784215, 0.9972144961357117, 0.00023539781977888197, 0.0003133775608148426, 0.0003722442779690027, 0.00019157867063768208, 0.00046755283256061375], "3": [0.0004294857499189675, 0.9964311122894287, 0.0002972187357954681, 0.00029651267686858773, 0.0004141845856793225, 0.00037958630127832294, 0.00041003062506206334, 0.0006275308551266789, 0.00042419193778187037, 0.00029001402435824275], "4": [0.00035138169187121093, 0.0004138661897741258, 0.0002343614905839786, 0.00035926877171732485, 0.0009848264744505286, 0.00029493574402295053, 0.0002101424033753574, 0.00038138285162858665, 0.0005122830043546855, 0.9962577819824219], "5": [0.0004021000349894166, 0.00040508972597308457, 0.9960485100746155, 0.0004495943139772862, 0.00034245470305904746, 0.0004649253678508103, 0.0006171225104480982, 0.0006596213788725436, 0.00033906748285517097, 0.0002715857117436826], "6": [0.0003703975526150316, 0.9963261485099792, 0.000315571844112128, 0.00035280961310490966, 0.000467599427793175, 0.0004400232865009457, 0.00039249903056770563, 0.0005170527729205787, 0.0005017298390157521, 0.0003162279899697751], "7": [0.0002914677024818957, 0.00029485957929864526, 0.0003970341058447957, 0.9968709349632263, 0.0002512908249627799, 0.0006049684598110616, 0.00028450580430217087, 0.00038228600169532, 0.0003245800908189267, 0.00029801452183164656], "8": [0.0003429392818361521, 0.9964730143547058, 0.0002955914242193103, 0.00033250433625653386, 0.0004635242512449622, 0.00041170045733451843, 0.00034908222733065486, 0.0005837108474224806, 0.0004510232247412205, 0.00029691224335692823], "9": [0.0003094707790296525, 0.00033693324076011777, 0.00036321437801234424, 0.00024111702805384994, 0.9971912503242493, 0.00024759952793829143, 0.00039563688915222883, 0.00029783009085804224, 0.00029022892704233527, 0.0003268391883466393]}