{
    "0": [
        0.00044165371218696237,
        0.000901218387298286,
        0.011250382289290428,
        0.011819886043667793,
        0.0006295071798376739,
        0.9716354608535767,
        0.000576938153244555,
        0.0013658228563144803,
        0.0008561958093196154,
        0.0005228910595178604
    ],
    "1": [
        0.997103750705719,
        0.0002917791425716132,
        0.0003132719430141151,
        0.00024312727327924222,
        0.00029569363687187433,
        0.0002853015612345189,
        0.0004638526006601751,
        0.00033151821116916835,
        0.000286885944660753,
        0.0003847711195703596
    ],
    "2": [
        0.00031870196107774973,
        0.0004230393678881228,
        0.00023145013255998492,
        0.00023222640447784215,
        0.9972144961357117,
        0.00023539781977888197,
        0.0003133775608148426,
        0.0003722442779690027,
        0.00019157867063768208,
        0.0004675525997299701
    ],
    "3": [
        0.0004294857499189675,
        0.9964311122894287,
        0.0002972187357954681,
        0.00029651293880306184,
        0.0004141845856793225,
        0.00037958630127832294,
        0.00041003062506206334,
        0.0006275308551266789,
        0.00042419193778187037,
        0.0002900143153965473
    ],
    "4": [
        0.0003513828560244292,
        0.0004138673539273441,
        0.00023436239280272275,
        0.0003592698194552213,
        0.0009848298504948616,
        0.0002949365880340338,
        0.00021014320373069495,
        0.0003813843068201095,
        0.000512284692376852,
        0.9962577819824219
    ],
    "5": [
        0.00040210020961239934,
        0.0004050901043228805,
        0.9960485100746155,
        0.0004495945177040994,
        0.00034245484857819974,
        0.00046492580440826714,
        0.0006171228596940637,
        0.0006596219609491527,
        0.00033906762837432325,
        0.0002715857117436826
    ],
    "6": [
        0.00037039772723801434,
        0.9963261485099792,
        0.000315571844112128,
        0.0003528097877278924,
        0.00046759986435063183,
        0.0004400232865009457,
        0.00039249923429451883,
        0.0005170530057512224,
        0.0005017300718463957,
        0.0003162282519042492
    ],
    "7": [
        0.0002914674405474216,
        0.0002948589972220361,
        0.000397033552872017,
        0.9968709349632263,
        0.0002512905921321362,
        0.0006049675866961479,
        0.0002845052513293922,
        0.00038228544872254133,
        0.0003245794796384871,
        0.0002980139397550374
    ],
    "8": [
        0.0003429391363169998,
        0.9964730143547058,
        0.0002955911331810057,
        0.00033250433625653386,
        0.0004635242512449622,
        0.0004117000789847225,
        0.00034908222733065486,
        0.000583710556384176,
        0.0004510230210144073,
        0.00029691195231862366
    ],
    "9": [
        0.00030947051709517837,
        0.0003369328915141523,
        0.0003632140578702092,
        0.00024111679522320628,
        0.9971912503242493,
        0.00024759952793829143,
        0.00039563668542541564,
        0.00029782979981973767,
        0.00029022892704233527,
        0.0003268391883466393
    ],
    "10": [
        0.00028776502585969865,
        0.0003657257475424558,
        0.00034805198083631694,
        0.9966048002243042,
        0.0002678676100913435,
        0.0007803807966411114,
        0.0003190269344486296,
        0.00038611138006672263,
        0.00033263841760344803,
        0.0003075774584431201
    ],
    "11": [
        0.0003738639934454113,
        0.0003895479312632233,
        0.0005224323249422014,
        0.0008570164791308343,
        0.0003901952295564115,
        0.9955043196678162,
        0.0007740464643575251,
        0.00033974688267335296,
        0.0005207497742958367,
        0.0003281282843090594
    ],
    "12": [
        0.00028013880364596844,
        0.00026302627520635724,
        0.00039891310734674335,
        0.9968787431716919,
        0.00026954279746860266,
        0.0006347094313241541,
        0.0003070004750043154,
        0.0003616678877733648,
        0.0003348417521920055,
        0.0002715255250222981
    ],
    "13": [
        0.0005913151544518769,
        0.00038576615042984486,
        0.0005924107972532511,
        0.00023041597160045058,
        0.00034147518454119563,
        0.00028477847808972,
        0.9966832995414734,
        0.00028535377350635827,
        0.000363152998033911,
        0.00024194849538616836
    ],
    "14": [
        0.0002984595485031605,
        0.9964439272880554,
        0.0003138125466648489,
        0.00031789677450433373,
        0.0004389254027046263,
        0.00042815867345780134,
        0.0003522596962284297,
        0.0006554708234034479,
        0.00044249070924706757,
        0.00030858954414725304
    ],
    "15": [
        0.0003289392916485667,
        0.0008275445434264839,
        0.0006514973356388509,
        0.0003810413181781769,
        0.00038667290937155485,
        0.00035414440208114684,
        0.0002701340999919921,
        0.9958133101463318,
        0.00031202982063405216,
        0.0006747207371518016
    ],
    "16": [
        0.00045678720925934613,
        0.00031940004555508494,
        0.9956676959991455,
        0.00043506332440301776,
        0.0002734298468567431,
        0.00042955775279551744,
        0.0009991490514948964,
        0.0006970413378439844,
        0.0004439743352122605,
        0.00027783270343206823
    ],
    "17": [
        0.00033923101727850735,
        0.0003075625572819263,
        0.0002632983378134668,
        0.0003379997215233743,
        0.00022439011081587523,
        0.0003104067000094801,
        0.0002481042465660721,
        0.0002543672453612089,
        0.9974254965782166,
        0.0002891190233640373
    ],
    "18": [
        0.0005149501375854015,
        0.00039339374052360654,
        0.0007033399888314307,
        0.00022038891620468348,
        0.0002894036297220737,
        0.00034980406053364277,
        0.9966968297958374,
        0.00030663140933029354,
        0.0002747433609329164,
        0.0002504770818632096
    ],
    "19": [
        0.00042348093120381236,
        0.00032488766009919345,
        0.0002821359666995704,
        0.0005848212749697268,
        0.0005985497264191508,
        0.00029998525860719383,
        0.0002371693990426138,
        0.0003618738555815071,
        0.0011039298260584474,
        0.9957832098007202
    ]
}