{
    "20": [
        0.00031985019450075924,
        0.0003685438714455813,
        0.00030854236683808267,
        0.00026266713393852115,
        0.9972174167633057,
        0.00024081909214146435,
        0.0003977712185587734,
        0.0002665774372871965,
        0.0002105220191879198,
        0.00040729535976424813
    ],
    "21": [
        0.9970270991325378,
        0.000307355570839718,
        0.0002737566828727722,
        0.00027479170239530504,
        0.0003238529316149652,
        0.00030716272885911167,
        0.00043129108962602913,
        0.00033319598878733814,
        0.0003095506108365953,
        0.00041212665382772684
    ],
    "22": [
        0.0003355623339302838,
        0.00037820273428224027,
        0.0002582425076980144,
        0.0002994674723595381,
        0.0009300477686338127,
        0.00027330033481121063,
        0.0002689656976144761,
        0.0004522604285739362,
        0.00036948290653526783,
        0.9964344501495361
    ],
    "23": [
        0.00045041495468467474,
        0.9963589310646057,
        0.00029663738678209484,
        0.0003155301383230835,
        0.00043313359492458403,
        0.00037960949703119695,
        0.0004147033323533833,
        0.0005981015274301171,
        0.0004549411532934755,
        0.00029800180345773697
    ],
    "24": [
        0.0005847963038831949,
        0.9879993200302124,
        0.002705409424379468,
        0.0010470027336850762,
        0.0021881803404539824,
        0.001795375719666481,
        0.000793379032984376,
        0.0015664384700357914,
        0.0005016234936192632,
        0.0008184597245417535
    ],
    "25": [
        0.0004660570411942899,
        0.00030292454175651073,
        0.9940337538719177,
        0.0005464159767143428,
        0.0003840639255940914,
        0.001985088223591447,
        0.0010234239744022489,
        0.0006427086773328483,
        0.0003046916681341827,
        0.0003108327218797058
    ],
    "26": [
        0.00022488621470984071,
        0.0003768720489460975,
        0.0002312783763045445,
        0.0002202090690843761,
        0.9971874356269836,
        0.0002455956127960235,
        0.000254342652624473,
        0.00039097649278119206,
        0.0002137782284989953,
        0.0006546293734572828
    ],
    "27": [
        0.00030538419377990067,
        0.0002585920738056302,
        0.00039972743252292275,
        0.9968149065971375,
        0.00025205890415236354,
        0.0006690220907330513,
        0.0002892430638894439,
        0.00036684321821667254,
        0.00036288448609411716,
        0.0002814280742313713
    ],
    "28": [
        0.0005805875407531857,
        0.0006629576091654599,
        0.9610080122947693,
        0.0018341743852943182,
        0.000633078336250037,
        0.02973528951406479,
        0.0010716234100982547,
        0.0032770209945738316,
        0.0006032191449776292,
        0.0005941531853750348
    ],
    "29": [
        0.0002375331096118316,
        0.0007330828229896724,
        0.0011779377236962318,
        0.0005371625884436071,
        0.0004989648004993796,
        0.0005386507255025208,
        0.00024678322370164096,
        0.9950407147407532,
        0.00027325688279233873,
        0.0007159418892115355
    ]
}